{"accuracy": [0.9332627058029175, 0.9555084705352783, 0.9766949415206909, 0.9724576473236084, 0.992584764957428, 0.9544491767883301, 0.9894067645072937], "loss": [0.32096603512763977, 0.2297467142343521, 0.16789014637470245, 0.17917099595069885, 0.09743445366621017, 0.24678295850753784, 0.08558042347431183], "precision": [0.9605522751808167, 0.9765625, 0.9884615540504456, 0.9809160232543945, 0.9980952143669128, 0.9673704504966736, 0.9905660152435303], "recall": [0.9188679456710815, 0.9433962106704712, 0.9698113203048706, 0.9698113203048706, 0.9886792302131653, 0.9509434103965759, 0.9905660152435303], "val_accuracy": [0.7638376355171204, 0.8191881775856018, 0.6088560819625854, 0.8154981732368469, 0.8154981732368469, 0.8265682458877563, 0.8560885787010193], "val_loss": [0.5917620062828064, 0.5249132513999939, 0.8701750040054321, 0.48962074518203735, 0.4432465732097626, 0.45282426476478577, 0.4621315002441406], "val_precision": [0.7291666865348816, 0.8503401279449463, 0.5934959053993225, 0.8035714030265808, 0.8148148059844971, 0.8260869383811951, 0.884353756904602], "val_recall": [0.9210526347160339, 0.8223684430122375, 0.9605262875556946, 0.8881579041481018, 0.8684210777282715, 0.875, 0.8552631735801697]}